month,province,language,calculations
2026-09,Alberta,en,344
2026-09,Alberta,other,<20
2026-09,Alberta,zh,113
2026-09,British Columbia,en,298
2026-09,British Columbia,zh,79
2026-09,Manitoba,en,79
2026-09,Manitoba,zh,36
2026-09,New Brunswick,en,<20
2026-09,Newfoundland and Labrador,en,56
2026-09,Newfoundland and Labrador,zh,<20
2026-09,Northwest Territories,en,<20
2026-09,Nova Scotia,en,46
2026-09,Nova Scotia,zh,38
2026-09,Nunavut,en,<20
2026-09,Ontario,en,1994
2026-09,Ontario,fr,<20
2026-09,Ontario,other,<20
2026-09,Ontario,zh,198
2026-09,Prince Edward Island,en,<20
2026-09,Prince Edward Island,zh,43
2026-09,Quebec,en,89
2026-09,Quebec,fr,29
2026-09,Quebec,zh,<20
2026-09,Saskatchewan,en,46
2026-09,Saskatchewan,zh,20
2026-09,Yukon,en,<20
